epoch,accuracy,loss,val_accuracy,val_loss,learning_rate
0,0.3743,1.3829,0.2503,5.7949,0.001
1,0.7048,0.6919,0.5007,3.0868,0.001
2,0.8433,0.3761,0.3822,6.4581,0.001
3,0.8848,0.2898,0.9438,0.1799,0.001
4,0.9233,0.2052,0.4806,5.4339,0.001
5,0.9357,0.1687,0.3046,28.8006,0.001
6,0.9443,0.1558,0.3193,9.3517,0.001
7,0.9615,0.1056,0.9739,0.0654,0.0005
8,0.9736,0.0727,0.9337,0.3408,0.0005
9,0.9757,0.0663,0.7122,3.7636,0.0005
10,0.9762,0.0724,0.9264,0.1985,0.0005
11,0.9824,0.0464,0.8755,0.3698,0.0003
12,0.9861,0.0328,0.9906,0.0252,0.0003
13,0.9878,0.0331,0.9458,0.1518,0.0003
14,0.9891,0.0342,0.8708,0.5669,0.0003
15,0.9883,0.0333,0.7309,2.0031,0.0003
16,0.9909,0.0265,0.9987,0.0049,0.0001
17,0.993,0.0242,0.9799,0.0554,0.0001
18,0.9927,0.0205,0.9973,0.0085,0.0001
19,0.9937,0.0199,0.9772,0.0593,0.0001
20,0.9948,0.0157,0.9987,0.0039,0.0001
21,0.9941,0.0155,1.0,0.0018,0.0001
22,0.9949,0.0138,0.9993,0.002,0.0001
23,0.9961,0.0128,0.9993,0.0016,0.0001
24,0.996,0.0137,0.9933,0.018,0.0001
